allele,peptide,label
HLA-A*02:01,GILGFVFTL,1
HLA-A*02:01,LLFGYPVYV,1
HLA-A*02:01,NLVPMVATV,1
HLA-A*02:01,SLLMWITQC,1
HLA-A*02:01,FLPSDFFPS,1
HLA-A*02:01,GLCTLVAML,1
HLA-A*02:01,SLYNTVATL,1
HLA-A*02:01,YVLDHLIVV,1
HLA-A*02:01,ILKEPVHGV,1
HLA-A*02:01,ALYVDSLFF,1
HLA-A*02:01,KVLEYVIKV,1
HLA-A*02:01,YLLPAIVHI,1
HLA-A*02:01,CLGGLLTMV,1
HLA-A*02:01,VLAELVKQI,1
HLA-A*02:01,ELAGIGILTV,1
HLA-A*02:01,IMDQVPFSV,1
HLA-A*02:01,RLRAEAQVK,1
HLA-A*02:01,SIFSYIPSA,1
HLA-A*02:01,KIFGSLAFL,1
HLA-A*02:01,LLGATCMFV,1
HLA-A*02:01,YLQPRTFLL,1
HLA-A*02:01,ALWGPDPAAA,1
HLA-A*02:01,YVFVVLLSS,1
HLA-A*02:01,TLNAWVKVV,1
HLA-A*02:01,ILAKFLHWL,1
HLA-A*02:01,LFGYPVYVL,1
HLA-A*02:01,FMYSDFHFI,1
HLA-A*02:01,LLFGYPVYV,1
HLA-A*02:01,VLSPPLVLF,1
HLA-A*02:01,YLLPRRGPR,1
HLA-A*02:01,ACDEFGHIK,0
HLA-A*02:01,LMNPQRSTV,0
HLA-A*02:01,WYACDFGHK,0
HLA-A*02:01,NPQRSTVWY,0
HLA-A*02:01,GGGGGGGGG,0
HLA-A*02:01,PPPPPPPPP,0
HLA-A*02:01,AAAAAAAAA,0
HLA-A*02:01,SSSSSSSSS,0
HLA-A*02:01,TTTTTTTTT,0
HLA-A*02:01,CCCCCCCCC,0
HLA-A*02:01,VVVVVVVVV,0
HLA-A*02:01,MMMMMMMMM,0
HLA-A*02:01,KKKKKKKKK,0
HLA-A*02:01,RRRRRRRRR,0
HLA-A*02:01,EEEQQQEEE,0
HLA-A*02:01,HHPHHHPHH,0
HLA-A*02:01,DIDIDIDID,0
HLA-A*02:01,NQNQNQNQN,0
HLA-A*02:01,YGYGYGYGY,0
HLA-A*02:01,ILGSDTQKM,0
HLA-A*02:01,QWERTYIPD,0
HLA-A*02:01,ASDFGHJKL,0
HLA-A*02:01,PLMVNQRTY,0
HLA-A*02:01,GHTPLMKJI,0
HLA-A*02:01,CNVGTYHQA,0
HLA-A*02:01,LKMNBGFDE,0
HLA-A*02:01,RTYUIOPAS,0
HLA-A*02:01,ZXCVBNMAS,0
HLA-A*02:01,QAZWSXEDC,0
HLA-A*02:01,PLKJHGFDS,0
